Yas,Kilo,Egzersiz_Turu,Sure,Kalori_Yakimi
58,55.56655340828402,Yuzme,41,227.82286897396452
32,56.9768964262572,Kosu,96,656.373846830483
52,54.346941631470806,Bisiklet,14,60.8685746272473
19,54.68476199307962,Yuruyus,74,202.3336193743946
56,51.32679848419318,Yuruyus,101,259.2003323451756
59,85.0662486795118,Bisiklet,38,258.6013959857159
46,79.46328419379543,Kosu,107,1020.3085690483333
28,84.90696974941135,Yuzme,45,382.0813638723511
27,60.76568810537944,Yuzme,23,139.7610826423727
23,68.99636503186687,Yuzme,118,814.1571073760292
40,80.18630156834456,Kosu,103,991.1026873847388
47,76.81140457273503,Bisiklet,20,122.89824731637606
53,64.65891407035464,Yoga,120,232.7720906532767
41,78.8676072628381,Kosu,15,141.9616930731086
60,61.39491378257734,Yuzme,20,122.78982756515468
32,93.32418333776349,Bisiklet,45,335.96706001594856
47,81.78422221322,Yuzme,30,245.35266663966001
41,67.76353501137608,Yuzme,99,670.8589966126232
59,53.570125478927416,Yuruyus,78,208.92348936781693
33,58.17012468809642,Bisiklet,44,204.75883890209943
58,84.40809792166566,Yuruyus,97,409.3792749200785
38,92.14259600949049,Kosu,39,431.2273493244155
20,90.25229003856072,Bisiklet,44,317.68806093573374
22,60.54914217931632,Yoga,101,183.46390080332844
38,60.63132720270703,Bisiklet,60,291.0303705729938
59,72.94259262936994,Yuzme,27,196.94500009929885
33,87.24944910458032,Yoga,43,112.55178934490861
55,71.42169136472899,Yoga,61,130.70169519745403
41,60.96603795786417,Yuruyus,75,228.62264234199066
49,54.5454706086897,Kosu,120,785.4547767651317
25,57.64206596741305,Yuruyus,111,319.91346611914247
45,79.82045153659868,Bisiklet,58,370.36689512981786
56,99.80606901200484,Yoga,42,125.7556469551261
53,93.03898511172491,Kosu,97,1082.9737867004778
25,84.08551845132874,Yoga,106,267.39194867522536
35,88.4299366328723,Yuzme,24,212.2318479188935
36,71.73826253345524,Bisiklet,10,57.39061002676419
34,98.59440494350571,Yuruyus,74,364.7992982909712
24,93.52592849183834,Yuzme,117,1094.2533633545086
58,75.38314409888171,Yuruyus,29,109.3055589433785
41,88.12554000375756,Yoga,109,288.1705158122872
51,95.92467471978512,Yoga,51,146.76475232127123
49,50.973837119291616,Yuzme,116,591.2965105837827
37,61.97261551690294,Yuruyus,82,254.08772361930207
23,54.28267260339394,Bisiklet,114,495.0579741429528
22,98.89922468386672,Yoga,108,320.43348797572816
26,56.41957322498814,Bisiklet,80,361.0852686399241
28,63.252831447002954,Yoga,64,121.44543637824567
31,96.44567465010884,Yuruyus,101,487.0506569830497
37,69.94961499987146,Yuzme,66,461.6674589991516
51,72.57430706955648,Yuruyus,38,137.89118343215733
22,66.90427810737276,Yoga,80,160.57026745769463
32,79.42200572051755,Kosu,19,181.08217304278
58,52.94368834381617,Kosu,14,88.94539641761116
39,53.54286749443267,Yuruyus,45,120.47145186247351
60,74.27072495752454,Yoga,26,57.93116546686913
54,78.81058248604499,Yuruyus,110,433.4582036732475
48,90.37484988833216,Yuruyus,22,99.41233487716539
24,82.94913747573315,Yuzme,64,530.8744798446922
44,73.35123340183375,Kosu,96,845.0062087891247
59,99.2082605682983,Kosu,17,202.38485155932852
43,86.41067942205913,Kosu,41,425.1405427565309
30,59.510445422040576,Bisiklet,27,128.54256211160765
45,59.17440178936167,Bisiklet,41,194.09203786910626
22,72.15653725267285,Yoga,22,47.623314586764074
21,82.6072446999261,Yoga,117,289.9514288967406
18,98.44981286423757,Yuruyus,31,152.59720993956824
44,74.28205627253593,Yuruyus,120,445.6923376352156
43,95.12214327552743,Yuruyus,58,275.8542154990296
18,99.2654421889863,Yuzme,110,1091.9198640788493
47,64.26246144734601,Yoga,94,181.22014128151577
49,57.739841263703205,Yuzme,37,213.63741267570188
21,78.9590145408128,Yoga,17,40.26909741581452
38,52.85826364537415,Yoga,71,112.58810156464695
50,95.96935654160376,Yoga,30,86.37242088744338
21,98.03894516372252,Kosu,118,1388.2314635183109
29,53.42606663518962,Kosu,96,615.4682876373845
33,70.18877756591388,Yoga,41,86.33219640607408
55,79.72595767667207,Yoga,20,47.83557460600324
44,82.86865822362613,Yoga,76,188.94054074986755
38,96.73531288682136,Yuruyus,95,459.4927362124015
38,61.9342976307923,Bisiklet,26,128.823339072048
60,82.27503944188248,Bisiklet,50,329.10015776752994
22,50.46577284421232,Yoga,82,124.14580119676229
24,53.66303605498165,Yuruyus,74,198.55323340343213
34,56.62282851832337,Yuzme,18,101.92109133298207
33,68.4763544369442,Yuruyus,66,225.9719696419159
52,85.17699625436855,Yoga,113,288.7500173023094
59,76.4470346301135,Yoga,48,110.08372986736345
60,55.17932509591058,Yuruyus,43,118.63554895620776
25,94.48563535028546,Yoga,29,82.20250275474834
35,64.08781357289472,Yuruyus,101,323.64345854311836
39,60.179865616372645,Yuzme,74,445.3310055611576
49,62.55606260349471,Kosu,21,157.64127776080664
58,71.17878862818631,Yuzme,15,106.76818294227948
18,66.67782693025441,Yuruyus,91,303.3841125326576
34,58.07909881369431,Bisiklet,80,371.7062324076436
45,78.04534323873732,Kosu,19,177.94338258432106
27,77.27951446027612,Yuzme,84,649.1479214663194
53,57.404689278374136,Yuruyus,15,43.053516958780605
37,68.2325757663628,Kosu,55,450.3350000579944
31,84.10333441552882,Kosu,55,555.0820071424902
53,94.20673507255044,Bisiklet,89,670.7519537165591
27,96.28819112847782,Yuruyus,120,577.7291467708669
28,98.81030164654814,Yuruyus,62,306.31193510429927
19,58.968033170910346,Yuzme,110,648.6483648800138
44,90.11175694685696,Yuruyus,44,198.2458652830853
28,89.36872545677355,Kosu,58,622.0063291791438
20,92.92966256688908,Yuruyus,35,162.6269094920559
47,67.48292122229593,Yuruyus,38,128.21755032236226
19,83.00165913743145,Bisiklet,52,345.2869020117148
35,93.21764710151432,Yuzme,54,503.37529434817736
59,75.47028377640187,Yoga,52,117.73364269118693
19,55.76708759257138,Yuzme,32,178.45468029622842
55,98.12671578807777,Yuzme,14,137.3774021033089
24,79.82856274938723,Yuzme,103,822.2341963186885
38,71.8196941935304,Yoga,24,51.71017981934189
42,94.97523664555999,Yuruyus,42,199.447996955676
20,85.43926419170853,Kosu,76,779.2060894283817
52,84.34285734572634,Yuruyus,56,236.16000056803378
45,53.49869055631551,Yuzme,89,476.138345951208
38,83.16937381327722,Kosu,102,1017.9931354745131
37,75.35612520176346,Bisiklet,51,307.45299082319497
43,84.86042070971996,Yoga,26,66.19112815358157
30,71.02231668864542,Bisiklet,96,545.4513921687968
29,80.77574579756903,Yuzme,61,492.7320493651711
53,91.68625846520288,Yuzme,46,421.7567889399333
31,71.49440749949173,Yoga,87,186.60040357367342
59,66.1124614868269,Bisiklet,66,349.073796650446
31,75.55869984372936,Yuruyus,94,355.12588926552803
23,64.18932024965137,Yoga,52,100.13533958945614
23,90.92117322683322,Yuruyus,96,436.42163148879945
37,61.23203329986441,Yuruyus,28,85.7248466198102
19,52.31068590463792,Bisiklet,88,368.26722876865097
22,72.77080841900445,Yoga,34,74.22622458738454
42,74.71885845052185,Yuruyus,28,104.60640183073059
59,84.38112065402598,Kosu,109,1103.7050581546598
45,60.94205684061597,Yoga,69,126.15005766007506
21,77.87028970166976,Kosu,68,635.4215639656252
26,90.07083008611323,Yoga,81,218.87211710925516
56,65.86489787326738,Bisiklet,88,463.6888810278024
50,71.33703784293277,Yoga,67,143.38744606429486
28,87.18277210797925,Bisiklet,67,467.29965849876874
34,87.58883932502557,Yuzme,108,945.9594647102763
51,74.22985085351334,Yuruyus,45,167.01716442040504
46,53.87416769323679,Yuzme,40,215.49667077294717
35,66.7923768310657,Yoga,20,40.07542609863941
26,57.54153290065433,Bisiklet,98,451.12561794113
27,85.32095708472761,Kosu,63,645.0264355605407
44,66.54406955190419,Bisiklet,63,335.38211054159706
21,60.34171947572051,Bisiklet,59,284.81291592540083
55,97.30310167950503,Kosu,119,1389.488291983332
54,69.01905144638559,Kosu,55,455.52573954614485
37,87.6737562529693,Bisiklet,78,547.0842390185285
52,89.99340854706338,Yuruyus,72,323.97627076942814
32,63.64676558816283,Bisiklet,13,66.19263621168935
42,66.80647718491912,Bisiklet,102,545.1408538289401
28,92.02528315312793,Yuruyus,89,409.5125100314193
52,51.34832259525688,Bisiklet,85,349.1685936477468
54,83.14998784180807,Kosu,92,917.975865773561
45,56.784974361528214,Bisiklet,33,149.9123323144345
21,63.007815695965235,Yuzme,37,233.12891807507137
47,66.34229024406542,Bisiklet,45,238.83224487863555
44,62.61357658911903,Kosu,70,525.9540433485998
19,87.45121305414253,Kosu,54,566.6838605908436
32,82.50720466249375,Kosu,106,1049.4916433069204
19,97.48058663579944,Yuruyus,117,570.2614318194268
19,81.0667828293079,Yuruyus,26,105.38681767810027
48,83.47294223099553,Yoga,37,92.65496587640504
47,84.97324856230753,Yuzme,31,263.41707054315333
56,80.36237469454659,Kosu,109,1051.1398610046695
28,98.23603865170438,Kosu,84,990.2192696091801
19,96.44435842035608,Yoga,96,277.7597522506255
42,69.83272207583137,Yuruyus,19,66.3410859720398
55,84.530720796649,Yuruyus,23,97.21032891614637
37,92.51466195443982,Yoga,113,313.62470402555095
25,89.8113608300106,Yoga,110,296.37749073903495
20,67.36018826542245,Bisiklet,94,506.5486157559768
41,53.44783682598202,Yuzme,11,58.79262050858023
44,91.11654590450291,Kosu,65,710.7090580551227
41,81.7792553050723,Bisiklet,100,654.2340424405784
27,71.77435725038384,Yoga,93,200.25045672857092
35,80.79561770267756,Yoga,109,264.2016698877556
48,73.2436885817254,Yoga,44,96.68166892787752
38,92.58565800096659,Kosu,45,499.96255320521954
46,62.1931719595478,Bisiklet,82,407.9872080546336
57,83.40942352227468,Yuzme,13,108.4322505789571
49,92.54764181562295,Yuruyus,72,333.17151053624264
31,67.74124830880476,Yuzme,53,359.02861603666526
35,94.01599898791127,Yuzme,81,761.5295918020813
18,75.83136258574672,Yuruyus,20,75.83136258574672
33,86.00373320520971,Bisiklet,81,557.304191169759
33,84.53046697232615,Bisiklet,67,453.0833029716682
19,54.652667527733584,Yuruyus,61,166.69063595958744
33,65.31030150650442,Yoga,57,111.68061557612255
48,77.67364775051249,Yuzme,64,497.1113456032799
53,66.53956485979651,Bisiklet,44,234.21926830648374
37,62.57018381004708,Kosu,102,765.8590498349762
30,65.77739720029933,Yoga,107,211.14544501296083
29,59.57704865052724,Bisiklet,45,214.47737514189808
55,98.83035114415284,Yoga,86,254.98230595191433
36,99.02553152312565,Yuruyus,47,232.7099990793453
32,68.04405345746932,Yuzme,11,74.84845880321626
52,56.32914799239908,Kosu,16,108.15196414540623
53,64.60683222763888,Yuruyus,91,293.9610866357569
49,55.12938233938803,Kosu,83,549.0886481003048
36,73.46984724652552,Bisiklet,53,311.51215232526823
29,98.27488215691474,Yuzme,120,1179.298585882977
48,55.70435703624623,Kosu,61,407.7558935053224
49,53.70410851278199,Kosu,29,186.89029762448135
27,90.55710381375238,Yuzme,20,181.11420762750475
33,55.92257811057308,Bisiklet,87,389.2211436495886
56,89.53704149217097,Yuruyus,109,487.9768761323318
51,69.01890130732747,Bisiklet,48,265.0325810201375
55,99.5015630233399,Yuzme,82,815.9128167913872
57,53.01151521862704,Kosu,107,680.6678554071711
31,81.27575152033016,Yuzme,94,763.9920642911035
23,57.85285466904386,Yuruyus,80,231.41141867617546
22,57.8266307721569,Bisiklet,67,309.95074093876104
56,73.4956239503843,Kosu,39,343.95952008779847
36,85.34779149395166,Bisiklet,19,129.72864307080653
32,96.19555222412743,Yoga,94,271.2714572720393
30,71.25694830521059,Yoga,38,81.23292106794005
59,57.44947005376646,Yuzme,115,660.6689056183144
27,53.57049184279071,Yuruyus,111,297.31622972748846
37,79.75220186597024,Yoga,46,110.05803857503892
46,56.21768290873541,Yuzme,99,556.5550607964806
43,97.13381203720203,Yoga,79,230.2071345281688
49,71.8879431785799,Yoga,15,32.34957443036095
45,86.72669616428077,Yoga,42,109.27563716699376
19,54.56634433154926,Yoga,85,139.1441780454506
19,99.97862084387256,Yuzme,83,829.8225530041424
20,88.15545020858528,Yuruyus,70,308.54407573004846
51,82.57547447168432,Yuzme,33,272.49906575655825
55,71.79424935385015,Bisiklet,21,120.61433891446825
48,67.39805281473252,Yuzme,51,343.73006935513587
60,55.22999422912787,Yuruyus,52,143.59798499573247
44,84.68368369917162,Yuzme,94,796.0266267722134
43,90.67830173689863,Yoga,14,38.08488672949743
47,54.40298963878943,Yuzme,51,277.4552471578261
25,98.50923634042886,Bisiklet,120,945.6886688681171
50,91.24636016343504,Kosu,94,1029.2589426435472
52,73.0988172491072,Kosu,34,298.24317437635733
51,68.08896795758376,Bisiklet,90,490.2405692946031
46,87.99952680305086,Yuruyus,44,193.5989589667119
53,56.55066144752233,Yuzme,66,373.23436555364736
49,56.07130416813099,Yoga,112,188.39958200492012
33,85.48914125501295,Yuzme,80,683.9131300401037
18,77.61257045268665,Kosu,38,353.9133212642512
25,73.07239470893917,Kosu,92,806.7192375866885
27,74.91877523535976,Yuzme,75,561.8908142651982
35,70.77451714676765,Bisiklet,70,396.3372960218988
33,72.83932363661567,Yuruyus,59,214.87600472801626
30,96.0934074965781,Yoga,105,302.694233614221
26,93.20134672142942,Yuzme,108,1006.5745445914376
44,66.99376215571478,Yoga,44,88.4317660455435
18,64.14194916414134,Yuzme,117,750.4608052204537
55,78.99616919417021,Bisiklet,120,758.363224264034
27,72.32736965215972,Bisiklet,54,312.45423689733
39,77.59587085354055,Yoga,58,135.01681528516056
47,96.64261278576305,Yuruyus,99,478.3809332895271
33,78.58988209924506,Yuruyus,119,467.6097984905081
44,52.18236495486509,Bisiklet,100,417.45891963892075
42,69.30393762454912,Yuruyus,73,252.9593723296043
20,56.312313490469435,Yoga,52,87.84720904513232
24,93.70951870271541,Bisiklet,22,164.92875291677913
51,95.52208388482336,Kosu,102,1169.1903067502378
27,70.49893098731822,Yuruyus,19,66.97398443795231
48,89.07626456365125,Yuzme,53,472.1042021873517
57,84.63522992934409,Kosu,119,1208.5910833910334
39,92.61706682829465,Yoga,58,161.1536962812327
38,81.33995895039939,Bisiklet,79,514.0685405665241
20,80.87297308013615,Yuruyus,90,363.9283788606127
36,99.87129614781077,Kosu,65,778.9961099529239
24,88.01848464971327,Kosu,66,697.1063984257291
28,84.70005813966173,Kosu,15,152.46010465139113
38,89.8071732581106,Yuzme,55,493.9394529196083
41,71.53433939277,Yuruyus,77,275.40720666216447
44,78.29640309579685,Yuruyus,31,121.35942479848512
29,53.948417532999734,Bisiklet,89,384.11273283495814
33,74.88336261839756,Yoga,28,62.90202459945394
32,73.05749566774988,Yuzme,68,496.7909705406992
34,83.34203586332404,Bisiklet,46,306.6986919770325
52,57.89878110358935,Bisiklet,54,250.12273436750598
55,64.9577124561886,Bisiklet,98,509.26846565651863
34,72.84179063338932,Yuzme,35,254.94626721686262
42,92.6667729330093,Kosu,40,444.8005100784446
42,78.59613461753695,Yoga,47,110.8205498107271
36,51.09697989297825,Bisiklet,45,183.94912761472168
18,78.29645084778495,Kosu,87,817.4149468508749
49,91.64194498365941,Yuzme,109,998.8972003218877
32,80.3532499082133,Yuzme,38,305.34234965121055
58,59.506599463854414,Yuzme,96,571.2633548530024
60,84.04275470910113,Yuruyus,90,378.1923961909551
24,95.1701852036484,Kosu,49,559.6006889974526
46,51.668226562281625,Yuzme,103,532.1827335915008
26,54.50666878731094,Yuzme,51,277.98401081528584
44,58.782003522215334,Yuruyus,110,323.3010193721843
52,93.82302983533202,Yuzme,77,722.4373297320566
50,95.67434872408484,Yuruyus,42,200.91613232057816
48,98.36920380834061,Yuzme,105,1032.8766399875765
39,90.21162693022552,Bisiklet,19,137.1216729339428
27,87.70757465306677,Yuruyus,120,526.2454479184007
43,98.36348736500162,Yoga,56,165.2506587732027
23,89.53409842944687,Kosu,43,461.9959478959458
52,56.17943683817462,Yuzme,96,539.3225936464763
34,79.2280045826083,Yuzme,23,182.2244105399991
32,73.57384339907193,Yoga,81,178.78443945974482
38,95.76279543715796,Yuruyus,92,440.5088590109267
22,81.77019611889696,Bisiklet,99,647.6199532616639
37,82.46197231422956,Kosu,27,267.17679029810375
20,97.31307664409732,Yuzme,73,710.3854595019105
25,54.85959993109108,Yoga,27,44.43627594418378
42,72.68218784444463,Yoga,63,137.36933502600033
55,87.11345073826578,Yuruyus,63,274.4073698255372
59,54.95108173552642,Bisiklet,88,386.85561541810597
44,96.95265328568277,Yuzme,14,135.73371459995587
41,60.86348423487808,Bisiklet,40,194.76314955160987
41,54.96773123030651,Yuzme,79,434.2450767194215
59,67.9336920606159,Bisiklet,45,244.56129141821725
30,98.41034379681935,Bisiklet,21,165.3293775786565
60,60.605290771165656,Yoga,12,21.817904677619637
21,89.33972952273083,Yuruyus,26,116.14164837955009
54,60.26027875714382,Yoga,36,65.08110105771533
55,60.79756759593374,Yuruyus,52,158.07367574942774
27,89.43218771388047,Yoga,10,26.82965631416414
35,92.92030631900882,Yuruyus,26,120.79639821471147
52,62.53270983640619,Yuruyus,24,75.03925180368743
60,93.32239442534005,Yuruyus,11,51.32731693393703
40,89.4992332117377,Yuruyus,85,380.3717411498852
38,50.789054175558014,Yuzme,16,81.26248668089283
26,87.08590284770747,Yoga,24,62.70185005034938
22,73.81229827116252,Yuzme,75,553.5922370337189
55,55.45270050019228,Yoga,38,63.216078570219196
57,52.16825184495858,Yoga,48,75.12228265674037
47,82.16703421027444,Kosu,17,167.62074978895984
48,92.36492715836214,Bisiklet,97,716.7518347488902
24,74.51344270721127,Bisiklet,19,113.26043291496114
23,66.1055909873163,Yuruyus,18,59.49503188858468
26,63.75079997789766,Yoga,80,153.00191994695436
38,69.04521994092605,Yoga,77,159.49445806353916
36,72.68577087877358,Yoga,65,141.73725321360848
24,89.6548046550823,Kosu,119,1280.2706104745753
59,82.54583324406528,Yoga,102,252.59024972683974
31,71.50349708331932,Yuruyus,62,221.6608409582899
39,91.37096123900224,Bisiklet,63,460.5096446445713
24,65.62741749985665,Yuzme,95,623.4604662486382
34,68.71505117177685,Yuruyus,97,333.26799818311775
48,53.35666540683239,Kosu,21,134.4587968252176
45,54.828221628289285,Yuzme,113,619.5589043996689
26,77.8185367807675,Yoga,81,189.09904437726502
53,66.48229907081026,Kosu,62,494.6283050868283
40,93.68036861171592,Bisiklet,102,764.4318078716019
21,98.41993126557372,Yoga,49,144.67729896039336
40,55.18002829623167,Yoga,37,61.24983140881715
27,82.83681514940761,Yuruyus,118,488.73720938150495
24,67.50569971105956,Yoga,57,115.43474650591186
25,88.13028159684248,Yoga,38,100.46852102040043
45,92.2577580664179,Yoga,88,243.56048129534327
59,77.83698775852241,Yoga,94,219.50030547903322
35,51.44765905306342,Yuzme,99,509.3318246253279
37,96.07687605165863,Yuzme,10,96.07687605165864
29,93.49313532682191,Yoga,94,263.6506416216378
43,53.47927106241682,Kosu,21,134.7677630772904
51,60.75664400167555,Bisiklet,68,330.516143369115
39,57.870463792254434,Yuzme,102,590.2787306809953
38,88.84178099833704,Yoga,86,229.21179497570958
23,94.16710922591716,Yuruyus,30,141.25066383887577
57,52.488124621647856,Kosu,44,277.13729800230067
46,83.09693464041305,Bisiklet,87,578.3546650972748
46,70.70918689413624,Yuruyus,106,374.75869053892205
50,55.690875405510084,Bisiklet,24,106.92648077857936
36,83.91089464667672,Yoga,72,181.2475324368217
51,83.35662793681749,Kosu,38,380.10622339188774
43,99.22228291605597,Kosu,10,119.06673949926716
31,65.07096810092185,Yuruyus,108,351.383227744978
26,88.20804478806238,Yuzme,51,449.86102841911816
25,50.3864953284656,Bisiklet,32,128.98942804087193
26,69.0103722857618,Yuruyus,74,255.3383774573187
53,91.66771012099392,Yuzme,19,174.16864922988844
43,93.08821810112943,Kosu,65,726.0881011888096
19,72.98771251781375,Kosu,120,1051.023060256518
38,78.78795803684156,Yoga,61,144.18196320742007
58,70.88469799217403,Kosu,61,518.8759893027138
19,98.3099845516563,Yuruyus,112,550.5359134892753
57,73.00484509469044,Yuzme,21,153.31017469884992
45,92.22421799073484,Yuruyus,65,299.72870846988826
55,70.02249081580436,Kosu,60,504.1619338737913
37,87.29024132323013,Yuruyus,52,226.95462744039835
28,53.81896887365106,Kosu,77,497.2872723925358
50,59.69518531334502,Yuzme,54,322.35400069206315
59,90.7518502875007,Yuruyus,23,104.3646278306258
27,62.7984111000865,Yuruyus,87,273.1730882853763
27,88.0107647773446,Kosu,32,337.9613367450033
58,74.70585125086943,Yoga,107,239.80578251529087
55,72.44526284975315,Yoga,92,199.9489254653187
58,99.32659738679297,Yuzme,120,1191.9191686415159
58,65.806944724529,Bisiklet,18,94.76200040332176
48,72.11040319181424,Yuzme,111,800.4254754291381
35,79.57098784155104,Yuzme,74,588.8253100274777
22,65.52039253031555,Bisiklet,14,73.38283963395342
21,68.43687997449064,Yuzme,19,130.03007195153222
59,93.21250169626197,Kosu,88,984.3240179125264
56,75.35339086669775,Bisiklet,84,506.3747866242089
53,97.71157383613951,Kosu,67,785.6010536425616
54,82.59187273243049,Yuzme,87,718.5492927721452
48,75.06836509364138,Kosu,67,603.5496553528767
24,90.54834056613103,Yuzme,101,914.5382397179234
23,75.22745007504787,Yuruyus,15,56.42058755628591
33,85.38108521616394,Bisiklet,77,525.9474849315699
51,80.49027031613372,Yuzme,57,458.7945408019622
36,69.3708279761558,Yuzme,96,665.9599485710957
56,52.61827587680031,Yuzme,18,94.71289657824056
39,54.725297375754714,Bisiklet,46,201.38909434277733
34,86.18668275012308,Yoga,29,74.98241399260708
39,54.0750993723942,Yuruyus,54,146.00276830546434
37,98.38482538463722,Bisiklet,26,204.64043680004545
56,85.4417007185527,Kosu,49,502.3972002250898
53,68.83396530281502,Yuzme,114,784.7072044520912
26,83.50581999973613,Yoga,21,52.60866659983376
59,83.52280200399696,Yoga,56,140.3183073667149
19,68.12988344910222,Yuruyus,37,126.04028438083913
39,97.38341337671734,Bisiklet,34,264.8828843846712
32,99.99883105515143,Yuruyus,19,94.99888950239387
36,92.22141943429418,Kosu,74,818.9262045765323
52,91.7559913317278,Yoga,14,38.53751635932567
60,66.83821859821407,Yoga,26,52.13381050660697
56,68.83599354112623,Yuruyus,33,113.57938934285828
57,90.45218598196506,Yuruyus,102,461.3061485080218
46,52.184621397725714,Yuzme,96,500.9723654181669
33,98.47943017043124,Yoga,46,135.9016136351951
46,61.70014721677122,Yuruyus,49,151.1653606810895
48,95.1987169068729,Yuruyus,57,271.31634318458777
54,99.22198967657886,Bisiklet,108,857.2779908056414
36,88.90620186249629,Yoga,77,205.37332630236642
44,98.31340766029737,Yuruyus,112,550.5550828976653
56,56.91992673017156,Yuzme,16,91.0718827682745
59,74.02953277309125,Yuzme,80,592.23626218473
24,85.57004885595003,Yoga,118,302.9179729500631
25,64.25315070296642,Yuruyus,44,141.35693154652614
46,95.26531044891206,Yuruyus,116,552.5388006036899
45,54.58567848295467,Yuruyus,114,311.1383673528416
46,94.23148868590037,Kosu,63,712.3900544654068
21,69.82269827351239,Yuzme,40,279.29079309404955
42,99.72626756191457,Yuzme,38,378.9598167352754
19,65.93424377248657,Kosu,117,925.7167825657114
59,66.76451779580884,Yuruyus,27,90.13209902434194
20,64.34396986566341,Bisiklet,99,509.6042413360542
26,87.94205773828037,Bisiklet,67,471.36942947718273
57,50.262559915280896,Kosu,12,72.37808627800449
34,60.78273722341772,Yuruyus,80,243.1309488936709
56,76.38857529433622,Kosu,109,999.1625648499178
36,61.88201133204668,Kosu,16,118.81346175752962
33,70.99127718767215,Yoga,68,144.82220546285117
22,55.54289476450075,Bisiklet,86,382.13511597976515
52,50.82176761029472,Yoga,83,126.54620134963385
33,85.92721638961763,Yuzme,64,549.9341848935528
18,80.74047913879753,Yuruyus,83,335.0729884260097
44,59.36569558991913,Kosu,77,548.5390272508527
41,53.3839661454423,Yoga,79,126.51999976469824
50,89.32061679226588,Yoga,80,214.3694803014381
19,69.52268662800321,Bisiklet,15,83.42722395360386
58,69.34406607636788,Yuzme,42,291.2450775207451
19,67.85469382573665,Kosu,54,439.69841599077347
33,86.6470510725321,Kosu,108,1122.9457819000158
55,86.75934924061556,Yuzme,27,234.250242949662
20,67.61495230570948,Yuzme,114,770.8104562850881
59,58.75445635258542,Bisiklet,99,465.3352943124766
48,81.58679238791689,Yuruyus,18,73.42811314912521
47,51.84918950998878,Yuruyus,15,38.88689213249159
30,94.28951928090525,Yuzme,49,462.0186444764357
50,69.91120278430085,Yoga,70,146.8135258470318
34,51.831038576845415,Yuruyus,46,119.21138872674447
40,93.10692652346252,Kosu,120,1340.7397419378601
59,66.59623431906724,Kosu,112,895.0533892482637
41,71.84756915624682,Bisiklet,105,603.5195809124733
46,94.73187474775267,Bisiklet,53,401.6631489304713
29,74.81016132685113,Bisiklet,57,341.1343356504412
51,63.33603479010913,Kosu,103,782.8333900057488
45,53.946350302773396,Yoga,115,186.1149085445682
29,77.27371986723185,Yuzme,23,177.72955569463323
23,66.39599526707799,Yuzme,49,325.3403768086822
46,80.13108138652998,Bisiklet,31,198.72508183859438
46,67.57734918859961,Kosu,103,835.2560359710911
40,80.74257410993822,Bisiklet,45,290.6732667957776
58,99.00136395971396,Kosu,19,225.7231098281478
60,81.87562689416492,Yuzme,75,614.067201706237
28,97.63946981398038,Yuruyus,118,576.0728719024843
56,83.90444359977243,Bisiklet,14,93.97297683174513
26,53.36166815310544,Yuzme,56,298.8253416573905
42,97.47335559399599,Kosu,87,1017.6218324013181
27,83.95310284566975,Yuzme,57,478.53268622031754
46,88.15422358992898,Yoga,27,71.40492110784247
51,68.34749743269163,Yuzme,93,635.6317261240322
35,62.480582654669895,Kosu,13,97.46970894128503
29,74.95219801282335,Bisiklet,81,485.6902431230953
25,63.08883382937479,Yuzme,100,630.888338293748
46,60.72852127118598,Yoga,46,83.80535935423666
49,60.00891704955601,Yuruyus,119,357.05305644485827
22,72.60213426226987,Bisiklet,21,121.97158556061338
38,83.3919895244484,Kosu,80,800.5630994347047
52,64.51811413889068,Yuzme,118,761.31374683891
28,85.59045520036062,Yuruyus,111,475.0270263620015
41,75.43778725871505,Kosu,35,316.83870648660314
26,61.836809214343525,Bisiklet,13,64.31028158291727
41,77.70107186297975,Yuzme,69,536.1373958545603
53,56.48856148568852,Kosu,18,122.0152928090872
37,69.90799903854543,Bisiklet,77,430.63327407743986
44,88.4582275187349,Yoga,19,50.4211896856789
26,98.6189865756883,Kosu,67,792.8966520685339
47,84.00544953247905,Yuzme,26,218.41416878444554
53,81.98969646833315,Yuruyus,108,442.7443609289991
26,71.63091432409874,Kosu,116,997.1023273914544
25,75.9051066462008,Yuzme,31,235.30583060322252
28,66.13303755772779,Yuruyus,54,178.55920140586505
51,94.74629584105622,Kosu,42,477.5213310389234
30,81.7528545693873,Yoga,45,110.36635366867284
26,81.25111807242952,Yoga,78,190.12761628948508
23,75.12865723706314,Yuruyus,85,319.29679325751835
55,57.70971334397816,Yoga,102,176.59172283257317
56,66.8809793302901,Yoga,15,30.096440698630545
19,54.061142744668494,Yoga,43,69.73887414062236
59,60.54041898509823,Yoga,63,114.42139188183565
57,81.94955961044352,Bisiklet,90,590.0368291951933
52,64.48358284008029,Yuzme,71,457.8334381645701
33,90.23440771078666,Bisiklet,48,346.50012560942076
47,53.64865127526729,Kosu,30,193.13514459096223
46,70.78108731070576,Bisiklet,36,203.84953145483257
39,80.33301314103181,Yuzme,120,963.9961576923819
38,86.70998774022735,Yuzme,61,528.9309252153869
26,88.03324973975873,Yoga,81,213.9207968676137
24,65.95579432015786,Bisiklet,25,131.91158864031573
35,72.47980059978323,Yuruyus,22,79.72778065976156
21,64.51060024849508,Bisiklet,120,619.3017623855528
57,70.90673716674382,Yuruyus,114,404.1684018504398
38,96.68757676247024,Yuzme,34,328.7377609923989
28,74.91327710299544,Yoga,69,155.07048360320053
49,93.95378318002093,Bisiklet,12,90.1956318528201
23,97.26164020346187,Yoga,68,198.41374601506217
33,60.757221126312054,Yuzme,16,97.21155380209929
21,64.06781691867641,Yoga,117,224.8780373845542
59,83.62603018827247,Yuzme,78,652.2830354685253
18,92.3586182696734,Bisiklet,27,199.49461546249455
34,86.3754031679696,Bisiklet,56,386.9618061925038
20,70.02908105073783,Yoga,81,170.1706669532929
30,68.12618879721423,Yuzme,19,129.43975871470704
42,75.21277645616024,Yoga,45,101.53724821581632
57,84.01993200594305,Kosu,26,262.14218785854234
24,69.69518563643035,Yuzme,81,564.5310036550859
41,87.7482586146397,Yuruyus,87,381.7049249736827
50,70.06935421380322,Kosu,15,126.12483758484579
20,56.85181867837602,Yuzme,112,636.7403691978116
48,75.96663551665416,Yuruyus,87,330.4548644974456
50,56.989049288617764,Yoga,50,85.48357393292663
28,69.64772939332416,Yoga,104,217.30091570717136
37,79.68623278154934,Yoga,116,277.30809007979167
50,76.61699149379382,Yoga,48,110.32846775106309
48,90.78744166219121,Yuzme,52,472.09469664339434
25,98.99490155895809,Yoga,49,145.5225052916684
58,51.33235774819166,Bisiklet,43,176.5833106537793
59,89.14519957157107,Yoga,83,221.97154693321195
32,86.07000561481533,Yoga,71,183.32911195955666
28,76.21161663123415,Yoga,109,249.21198638413566
42,57.38878541501659,Yuruyus,14,40.17214979051161
54,97.41025853921506,Kosu,34,397.4338548399974
19,72.05192830923664,Bisiklet,29,167.16047367742902
44,84.52501304592627,Bisiklet,74,500.3880772318836
57,96.02604749486053,Kosu,100,1152.3125699383265
26,75.93416057800565,Yoga,51,116.17926568434862
60,73.91854916717006,Bisiklet,50,295.6741966686802
29,72.98317660097933,Yoga,53,116.04325079555713
52,67.71434943224064,Yuzme,88,595.8862750037176
48,59.61320845683567,Yuruyus,45,134.12971902788027
53,64.9249580595147,Yuzme,108,701.1895470427587
36,85.2450468418292,Bisiklet,50,340.9801873673168
48,67.44015871006533,Yuzme,46,310.22473006630054
25,78.67384019368225,Yoga,58,136.89248193700712
43,90.91887300652812,Yuruyus,47,213.6593515653411
20,64.381517080707,Kosu,54,417.19223068298135
46,82.79860252754537,Bisiklet,37,245.0838634815343
30,91.39758517540169,Yuzme,81,740.3204399207538
35,56.86364774004615,Yoga,104,177.41458094894398
55,61.96410329731481,Kosu,95,706.3907775893888
51,61.28358231408319,Yuruyus,16,49.02686585126656
24,70.66506830241293,Bisiklet,22,124.37052021224677
26,50.2590723203565,Yoga,30,45.233165088320845
44,82.64463988506499,Bisiklet,71,469.4215545471692
59,59.97279873338009,Yuzme,51,305.86127354023847
36,82.2948958945135,Kosu,93,918.4110381827705
54,61.611009961050854,Kosu,32,236.58627825043527
44,94.11224865824167,Yuruyus,14,65.87857406076917
43,89.3980314937919,Yuruyus,105,469.33966534240756
36,93.83715839589617,Kosu,48,540.5020323603619
54,80.13914827529366,Yuzme,46,368.6400820663509
47,99.45497350443617,Yoga,77,229.74098879524755
49,94.46299818849582,Yuruyus,118,557.3316893121253
50,73.4010384503145,Yuruyus,113,414.7158672442769
25,66.53420484158929,Bisiklet,92,489.6917476340971
34,85.92990867279435,Kosu,104,1072.4052602364736
39,89.53838322126279,Yoga,96,257.8705436772368
30,58.774745691923236,Bisiklet,115,540.7276603656937
45,75.76403294798979,Kosu,61,554.5927211792853
60,54.7692552897264,Yuruyus,71,194.43085627852872
38,96.79126935006943,Kosu,43,499.44294984635826
42,61.776062640076695,Yuzme,52,321.23552572839884
37,79.12303757774924,Yoga,11,26.110602400657253
34,82.68416835350993,Yuruyus,17,70.28154310048345
60,55.91124239019863,Yuzme,30,167.7337271705959
43,84.30368099455552,Yuzme,98,826.1760737466442
25,81.93556625996916,Yuzme,57,467.03272768182427
57,61.042461998436075,Yuruyus,71,216.7007400944481
27,72.74893363853352,Yoga,57,124.40067652189231
44,85.0970363427827,Bisiklet,106,721.6228681867973
52,90.09974958900155,Yuruyus,107,482.0336603011583
33,84.0170959959699,Yoga,110,277.25641678670064
23,76.27533281100838,Yoga,100,228.82599843302515
41,53.90513610737201,Yoga,24,38.811697997307846
21,91.43870269792126,Yoga,35,96.01063783281732
54,76.83300791302784,Yuruyus,51,195.924170178221
51,72.09202763298154,Yuruyus,101,364.06473954655684
55,74.44139834155948,Yoga,67,149.62721066653455
21,72.67161500898911,Yoga,63,137.3493523669894
47,78.19555925493567,Yoga,69,161.86480765771682
37,86.16400399125011,Bisiklet,42,289.51105341060037
18,87.29022414159078,Yoga,19,49.755427760706745
20,71.18486923893126,Kosu,79,674.8325603850683
21,96.72913994424732,Kosu,70,812.5247755316775
20,64.354535344566,Yuruyus,108,347.51449086065645
26,88.29138414618558,Bisiklet,57,402.60871170660624
42,72.42685663313429,Bisiklet,58,336.0606147777431
23,84.13651770507707,Yoga,27,68.15057934111242
59,93.01432905635606,Kosu,32,357.1750235764073
52,69.65293158920204,Yuruyus,103,358.7125976843905
32,91.74108058343577,Kosu,48,528.4286241605901
47,83.67499288882836,Yoga,64,160.65598634655043
52,68.9638234016897,Yuruyus,41,141.3758379734639
47,67.30798674938134,Yuzme,34,228.84715494789657
25,51.610865745499055,Bisiklet,88,363.34049484831337
19,62.0333147071606,Kosu,22,163.76795082690398
56,51.67881378771404,Yoga,96,148.83498370861645
21,62.236707560919626,Kosu,61,455.5726993459316
46,61.71696392437808,Yuruyus,106,327.09990879920383
21,57.00677875574523,Yuzme,39,222.32643714740644
54,65.94518481845961,Yoga,108,213.6623988118091
38,61.84520173883603,Yuruyus,94,290.67244817252936
51,61.05213702230163,Yuzme,45,274.73461660035736
21,77.83590590526173,Yoga,104,242.84802642441656
29,81.2996568824165,Bisiklet,81,526.8217765980589
49,52.34420484762275,Yuzme,92,481.5666845981293
60,69.05773162312977,Yoga,50,103.58659743469465
44,70.41295884147942,Yuzme,58,408.3951612805806
29,87.72080486190626,Bisiklet,40,280.70657555810004
32,65.03682093975739,Yuruyus,113,367.4580383096293
47,95.73705869079527,Yoga,62,178.0709291648792
44,77.86433790996365,Yuruyus,59,229.6997968343928
33,62.74978228037683,Yuzme,92,577.2979969794668
23,96.11130522556113,Yuzme,21,201.83374097367837
52,86.2292356153601,Yuruyus,16,68.98338849228809
35,68.85839874806699,Yoga,87,179.72042073245484
20,93.68102292447699,Yuruyus,112,524.6137283770712
55,86.21526199260745,Yoga,37,95.69894081179427
48,60.44445442761251,Yuzme,48,290.13338125254006
18,60.5903886024504,Yuruyus,104,315.07002073274214
25,87.34396137281209,Bisiklet,41,286.4881933028237
56,85.18842913378519,Bisiklet,40,272.6029732281126
53,66.08075044137011,Yuzme,58,383.26835255994666
47,76.68250637081314,Yuzme,49,375.7442812169844
34,67.9822308990421,Bisiklet,69,375.2619145627124
24,90.14083109100105,Bisiklet,107,771.6055141389689
38,95.71652494487445,Yuzme,50,478.58262472437224
44,52.285772399054736,Yuruyus,104,271.88601647508466
27,50.81099505006302,Yoga,84,128.0437075261588
55,86.00059688746111,Yuzme,29,249.40173097363726
30,66.493264298893,Bisiklet,82,436.19581380073805
33,74.96507411846612,Yuzme,42,314.8533112975577
49,98.32541336251718,Bisiklet,68,534.8902486920936
28,86.63861185125094,Yuzme,31,268.57969673887794
26,86.01567653810469,Bisiklet,33,227.08138606059637
52,99.51617704399283,Kosu,77,919.5294758864937
20,91.95342467974774,Kosu,114,1257.922849618949
60,52.42571970982061,Kosu,62,390.04735464106534
26,92.12723584126742,Yuruyus,18,82.91451225714067
27,50.457073084533086,Yoga,68,102.93242909244748
41,53.02250594565094,Yoga,71,112.9379376642365
60,74.39271920015356,Kosu,78,696.3158517134374
53,70.56692541087082,Kosu,77,652.0383907964464
35,76.78690514619623,Yuzme,12,92.14428617543548
50,90.65786104569548,Bisiklet,113,819.5470638530873
29,55.350821434724644,Kosu,77,511.4415900568557
27,62.04844161567541,Yoga,77,143.3319001322102
34,90.76071953566412,Yuzme,111,1007.4439868458718
43,53.95096219072177,Bisiklet,68,293.49323431752646
54,62.1603947096441,Yuruyus,48,149.18494730314586
23,82.68678597795765,Kosu,21,208.3707006644533
43,68.9632011119908,Yoga,70,144.82272233518069
21,81.83740377778193,Yuruyus,20,81.83740377778193
49,92.2664897270164,Yuzme,82,756.5852157615345
24,94.73956060713499,Kosu,39,443.38114364139176
31,95.06364795122926,Yoga,70,199.63366069758143
35,52.328098537087165,Kosu,97,609.0990669716946
35,94.96558254325043,Yoga,94,267.80294277196623
20,58.96772516100346,Yuzme,12,70.76127019320415
31,79.35180520422442,Bisiklet,19,120.61474391042113
37,58.1225125357353,Yuruyus,82,238.30230139651474
42,83.85174829383409,Yoga,52,130.80872733838117
42,87.78046322604462,Yuruyus,111,487.18157090454764
23,75.03964258188626,Yuzme,16,120.06342813101801
24,71.85441264217496,Kosu,53,456.99406440423274
56,88.45028266827211,Yoga,60,159.2105088028898
38,51.48128294725826,Yuzme,110,566.2941124198409
46,74.53017280553966,Yuzme,80,596.2413824443173
42,71.59239731197724,Yoga,94,201.89056041977582
42,54.284705881836786,Yoga,47,76.54143529338987
33,85.65542663391929,Kosu,44,452.2606526270938
27,68.9999996541728,Yuruyus,104,358.79999820169854
42,65.83391143407681,Kosu,21,165.90145681387355
18,97.14801136712262,Bisiklet,56,435.22309092470937
35,55.111570705662295,Kosu,33,218.24181999442266
45,72.44218385107257,Yoga,75,162.9949136649133
44,55.16464636708122,Kosu,55,364.08666602273604
53,54.65321302299371,Yoga,110,180.35560297587924
38,93.18590886340958,Kosu,47,525.5685259896301
44,69.38997796891968,Kosu,102,849.3333303395768
53,95.26037871566794,Yuruyus,83,395.330571670022
51,58.47914616961627,Bisiklet,31,145.02828250064834
26,63.44594817650738,Yuzme,73,463.1554216885039
27,53.16335751384772,Bisiklet,45,191.3880870498518
44,64.98761269607816,Kosu,56,436.7167573176452
34,97.2111147815697,Bisiklet,86,668.8124696971996
57,59.777411244013024,Kosu,27,193.6788124306022
37,50.338368471273576,Bisiklet,52,209.40761284049808
57,68.99449780735242,Yuzme,66,455.363685528526
39,71.53081104735861,Yoga,27,57.939956948360475
37,66.03325776875438,Yuruyus,71,234.41806507907808
38,58.88186356595703,Bisiklet,50,235.52745426382816
36,86.74371827205933,Bisiklet,83,575.9782893264739
33,66.29431187214527,Yuzme,114,755.7551553424562
43,68.25077686976188,Yoga,35,71.66331571324997
55,99.86324628652225,Yuruyus,97,484.336744489633
53,51.34580543376677,Bisiklet,100,410.76644347013416
31,71.92274771544542,Yuzme,116,834.303873499167
22,90.94827840022293,Bisiklet,96,698.4827781137121
49,56.958956134817015,Yuzme,40,227.8358245392681
34,82.9331484266159,Bisiklet,111,736.4463580283492
42,53.69825677911442,Yoga,71,114.37728693951372
55,70.04025486646869,Yoga,98,205.91834930741794
44,77.18226016937388,Yuzme,99,764.1043756768014
52,79.69099716774387,Kosu,23,219.94715218297307
33,82.88008222903828,Yuzme,31,256.92825491001867
59,80.63389511566486,Yoga,92,222.54955051923497
59,69.98088731125412,Yuzme,111,776.7878491549208
45,55.29722758030436,Kosu,43,285.33369431437046
32,75.53381202625224,Yoga,81,183.54716322379295
55,84.38322043986447,Yuruyus,67,282.683788473546
41,69.55670843387514,Yoga,98,204.49672279559292
50,57.53724662399567,Kosu,71,490.21734123644313
24,64.7716110259203,Kosu,24,186.54223975465044
27,67.41643261607376,Yuzme,68,458.4317417893016
31,76.05574149002358,Yuzme,70,532.390190430165
24,71.90829691365136,Bisiklet,50,287.6331876546054
22,65.01320415909701,Kosu,12,93.6190139890997
39,82.39849586388569,Yuruyus,104,428.4721784922056
33,75.79969509484367,Yoga,30,68.2197255853593
39,77.99244762449315,Bisiklet,39,243.33643658841865
43,81.48801594393393,Yuruyus,91,370.7704725448994
60,71.60672262146413,Kosu,104,893.6518983158724
57,94.15486872096525,Bisiklet,85,640.2531073025638
45,69.44178901778535,Yuruyus,36,124.99522023201364
35,87.61627476802458,Kosu,83,872.6580966895248
24,89.97511784433549,Yoga,33,89.07536666589212
41,66.29924557994093,Bisiklet,24,127.2945515134866
34,83.53507141122093,Bisiklet,77,514.5760398931209
58,65.67020550257371,Bisiklet,88,462.3182467381189
43,79.3502357282609,Yuzme,55,436.42629650543495
47,80.86813396682125,Yuzme,88,711.639578908027
55,54.23759843115139,Yuruyus,50,135.59399607787847
25,61.92863632193953,Kosu,33,245.2373998348805
41,84.67182708582229,Yoga,59,149.86913394190546
44,79.82129087219658,Yoga,59,141.28368484378794
45,59.28768496463828,Yoga,98,174.30579379603654
59,96.53474688526227,Yuruyus,81,390.9657248853122
28,74.48210130961044,Yuruyus,33,122.89546716085724
38,92.09926070682741,Yoga,16,44.207645139277155
40,97.59209752439835,Bisiklet,27,210.79893065270045
30,90.76079703269309,Yoga,74,201.48896941257865
59,74.74849239332018,Bisiklet,63,376.7324016623337
46,74.43497559698429,Kosu,82,732.4401598743254
19,89.79404448012136,Yuruyus,47,211.0160045282852
20,63.7426459136767,Yoga,46,87.96485136087384
28,89.03700987149827,Yoga,105,280.46658109521957
49,77.48630922690256,Kosu,83,771.7636398999495
25,63.39444546964504,Yoga,115,218.7108368702754
41,77.1021689558815,Kosu,107,989.9918493935185
46,77.31766373609823,Bisiklet,23,142.26450127442075
59,87.56727473718361,Yuzme,14,122.59418463205706
46,63.14076123706138,Kosu,66,500.07482899752614
25,88.78158249403867,Yuruyus,36,159.8068484892696
55,84.45667935558812,Yoga,90,228.03303426008793
45,58.29908088451296,Yuruyus,110,320.6449448648213
31,90.67649327477169,Kosu,82,892.2566938237534
40,76.61403986852058,Yoga,78,179.27685329233816
28,66.18268079273409,Yuzme,47,311.05859972585023
54,63.367153313904005,Yoga,96,182.49740154404353
24,56.77944532140046,Bisiklet,17,77.22004563710462
35,93.35237952168893,Yuruyus,99,462.0942786323603
26,62.48386209690699,Yuzme,116,724.8128003241211
33,88.07367937399285,Bisiklet,72,507.30439319419884
27,78.87127646520807,Yuzme,90,709.8414881868727
44,68.75861639231135,Kosu,91,750.8440910040399
23,70.14253866509105,Yuzme,98,687.3968789178923
41,72.73478245372104,Bisiklet,51,296.75791241118185
55,50.12365425709924,Kosu,103,619.5283666177465
47,81.74202727680796,Yuzme,118,964.555921866334
22,89.78389633239226,Bisiklet,37,265.7603331438811
45,91.24238238180111,Bisiklet,44,321.1731859839399
38,91.4171808524404,Yuzme,80,731.3374468195232
54,56.52971251537729,Bisiklet,110,497.4614701353202
39,94.7077329019278,Kosu,15,170.47391922347003
24,81.3089761077947,Bisiklet,12,78.05661706348292
25,96.4716437673761,Yuruyus,66,318.35642443234116
47,50.03379657560521,Bisiklet,35,140.09463041169457
26,94.10738820209994,Yuzme,30,282.32216460629985
35,54.66699922628252,Yuzme,42,229.60139675038658
23,68.59218838233829,Yuruyus,16,54.873750705870634
43,81.28021370824771,Yuruyus,64,260.0966838663927
59,54.55995936084466,Kosu,10,65.47195123301358
31,73.84033541304571,Yuruyus,85,313.82142550544427
32,75.97221273183179,Bisiklet,11,66.85554720401197
18,84.77985536440244,Kosu,120,1220.829917247395
45,84.70155005610553,Bisiklet,19,128.7463560852804
32,69.15349628378863,Kosu,23,190.8636497432566
38,68.37808448113091,Yuzme,27,184.62082809905345
42,88.67302418253121,Yuruyus,92,407.89591123964357
27,53.42058037612895,Yoga,11,17.628791524122555
57,82.50101065789035,Bisiklet,54,356.40436604208634
31,81.40400191704512,Yuruyus,62,252.3524059428399
57,84.328308493787,Yuruyus,21,88.54472391847636
24,57.000657078789786,Kosu,85,581.4067022036558
42,67.57678201915648,Bisiklet,50,270.30712807662593
26,62.389318748178944,Kosu,41,306.95544824104036
53,80.04995308816726,Yoga,46,110.46893526167081
19,92.39460522199795,Yuzme,36,332.62057879919263
51,80.34634348359799,Yuruyus,105,421.8183032888895
43,64.77710256210334,Kosu,110,855.057753819764
33,74.74438599716333,Kosu,40,358.77305278638397
49,81.9041164941824,Kosu,77,756.7940364062454
18,99.34412664215944,Yuzme,26,258.29472926961455
42,93.04070019683738,Yoga,63,175.84692337202262
41,77.31781105806755,Yuruyus,107,413.6502891606614
48,97.72264919704432,Kosu,12,140.72061484374382
55,53.37662846363836,Yuzme,37,197.49352531546197
20,96.1289644466597,Bisiklet,74,569.0834695242254
36,81.4285348030288,Yoga,108,263.8284527618133
44,71.17876175858476,Bisiklet,20,113.8860188137356
58,76.82824080350076,Yoga,29,66.84056949904566
35,54.179853688890816,Kosu,75,487.61868320001736
31,98.7156692177281,Yuruyus,78,384.9911099491396
38,69.53657514841748,Kosu,49,408.8750618726948
45,86.49791887157707,Yuruyus,17,73.52323104084051
33,54.31063991957447,Bisiklet,24,104.27642864558297
47,80.6148397210361,Kosu,49,474.0152575596923
60,87.08467545287772,Yuruyus,25,108.85584431609716
18,85.39503035590491,Kosu,30,307.4221092812577
49,97.65081008773488,Yoga,76,222.64384700003552
34,58.34814770961904,Yuruyus,105,306.3277754755
35,86.64679187775208,Kosu,108,1122.942422735667
19,66.75055131580973,Bisiklet,44,234.96194063165026
51,53.1935994561574,Yoga,90,143.62271853162497
22,74.80737844675696,Yoga,56,125.67639579055168
21,74.98050028806917,Yoga,31,69.73186526790433
41,57.865499055056304,Kosu,83,576.3403705883608
25,61.42022115766255,Yoga,10,18.426066347298764
20,92.93445045610088,Kosu,41,457.2374962440163
20,73.58822947888692,Bisiklet,29,170.72469239101764
29,96.55800385785928,Kosu,80,926.956837035449
59,70.96846521813993,Yuzme,41,290.97070739437373
44,95.79273824404476,Yuzme,44,421.48804827379695
22,78.5767981308729,Kosu,74,697.7619674021513
21,58.96721751361528,Yoga,15,26.535247881126878
43,53.44632188863726,Bisiklet,120,513.0846901309177
36,88.67637397529427,Yuzme,51,452.24950727400073
23,77.65456976620338,Kosu,57,531.1572572008312
30,64.57975453280163,Yuzme,104,671.629447141137
57,62.12919967767846,Yuzme,85,528.0981972602669
49,99.88935581319528,Yuruyus,103,514.4301824379558
52,88.02411101608483,Yuruyus,29,127.634960973323
18,96.61987662689242,Kosu,39,452.1810226138565
52,67.32118488697031,Kosu,52,420.0841936946947
18,87.94645766068393,Bisiklet,118,830.2145603168563
37,55.19745096757798,Yoga,40,66.23694116109357
44,74.60144384249489,Kosu,28,250.6608513107828
35,54.651331917904415,Yuruyus,118,322.4428583156361
51,70.65284017505009,Yuzme,68,480.4393131903406
23,79.0385313688133,Yoga,27,64.02121040873877
58,90.9981445947108,Kosu,85,928.18107486605
54,53.11414317599791,Yuruyus,40,106.22828635199582
36,63.0495469461805,Yuzme,112,706.1549257972217
43,85.0362803160771,Yuzme,50,425.18140158038545
46,63.59779359162272,Kosu,35,267.11073308481537
26,88.99684912344314,Yoga,23,61.40782589517577
27,55.28288750513456,Bisiklet,69,305.16153902834276
38,70.32562759546069,Yoga,55,116.03728553251013
31,72.59585384588976,Bisiklet,43,249.7297372298608
25,54.52104440242624,Yuzme,115,626.9920106279019
56,52.01649040543317,Yuzme,28,145.64617313521288
23,85.55786991425558,Yuzme,60,513.3472194855335
50,52.44753087952114,Yuzme,43,225.52438278194091
29,51.55410466793798,Bisiklet,119,490.7950764387696
46,77.79768807741941,Yoga,41,95.69115633522587
24,73.10216244381195,Yuruyus,25,91.37770305476494
18,53.083459224690614,Yuruyus,26,69.0084969920978
30,91.1836707594178,Yuzme,97,884.4816063663527
58,96.8787449019719,Kosu,84,976.5377486118767
55,62.94103261732629,Kosu,12,90.63508696894986
22,59.88751683477166,Bisiklet,113,541.3831521863358
26,54.59893193285092,Yuzme,25,136.4973298321273
20,97.11403305120577,Kosu,31,361.26420295048547
54,71.65781886193358,Bisiklet,73,418.48166215369207
19,69.13647192836288,Bisiklet,32,176.989368136609
40,60.73580529850133,Yuruyus,45,136.655561921628
35,72.30057153233281,Yuruyus,14,50.61040007263297
57,80.95882744229479,Yuruyus,92,372.41060623455604
36,74.94458049982495,Yoga,71,159.63195646462714
21,54.386077552950375,Bisiklet,27,117.4739275143728
44,59.97289033332933,Yoga,41,73.76665510999507
58,99.70436386844816,Yoga,111,332.0155316819324
19,99.4701807880767,Yuzme,71,706.2382835953447
52,89.07175529177468,Yuzme,82,730.3883933925524
50,66.08022093340057,Yuzme,33,218.0647290802219
19,65.94387836646898,Yuruyus,13,42.86352093820484
35,52.929561513905924,Bisiklet,77,326.0460989256605
40,88.34210842251365,Yuruyus,30,132.51316263377046
24,62.39285270007864,Yuruyus,44,137.26427594017304
52,90.81425808043673,Kosu,107,1166.0550737528074
32,78.7846054309998,Bisiklet,55,346.6522638963992
29,58.805018378999506,Yoga,50,88.20752756849926
40,95.69900020642672,Kosu,100,1148.3880024771206
40,97.37793675350076,Yoga,28,81.79746687294063
54,97.41842530229451,Bisiklet,79,615.6844479105013
37,58.77783838303254,Kosu,21,148.12015272524198
21,61.631167904161956,Yuruyus,12,36.978700742497175
51,73.89944940830897,Yuzme,88,650.315154793119
30,90.32227066550014,Yuzme,101,912.2549337215514
29,95.9390393653603,Yuzme,17,163.09636692111252
19,57.38560094930573,Yuruyus,109,312.75152517371623
25,92.32404437895673,Yuzme,19,175.4156843200178
41,85.22690048140407,Bisiklet,85,579.5429232735477
24,66.82805355704022,Yuzme,27,180.43574460400862
28,86.61760127123205,Bisiklet,111,769.1642992885406
58,98.03310501843691,Yuzme,32,313.70593605899813
53,84.67801991462716,Yoga,110,279.4374657182696
40,61.16186069903212,Yoga,114,209.17356359068984
29,68.91920540735991,Yuzme,26,179.1899340591358
29,86.44154779679995,Yoga,60,155.59478603423992
54,51.61913714635437,Yoga,50,77.42870571953155
57,61.0447625218506,Yoga,23,42.12088614007691
49,57.032168407428415,Kosu,40,273.7544083556564
40,99.11898274701784,Yuruyus,91,450.9913714989312
23,91.0830902714155,Yuzme,67,610.2567048184839
18,63.26062202814381,Yuruyus,98,309.9770479379047
22,67.52405809486581,Kosu,102,826.4944710811574
18,52.407372886664085,Bisiklet,103,431.836752586112
44,98.45509125528426,Bisiklet,73,574.9777329308602
42,67.56155846492348,Bisiklet,22,118.90834289826532
48,89.43649972381097,Yoga,93,249.52783422943259
32,58.13282558742442,Kosu,112,781.3051758949841
20,64.7454306558065,Yuzme,43,278.40535181996796
24,53.71002008833297,Yuruyus,58,155.75905825616562
28,86.59925426356585,Yoga,21,54.557530186046485
39,79.70152720260475,Yoga,71,169.7642529415481
19,71.56616670729304,Yuruyus,87,311.3128251767247
45,57.8551888665392,Kosu,52,361.0163785272046
31,98.71992103382358,Bisiklet,99,781.8617745878828
53,86.10190522878378,Yoga,43,111.07145774513108
60,64.07615367226326,Yuruyus,22,70.48376903948959
21,69.6451107307411,Yoga,117,244.45433866490126
49,57.679496725836714,Yuzme,10,57.67949672583672
45,54.381417965348604,Yoga,71,115.83242026619253
30,54.84934487407494,Yuruyus,31,85.01648455481616
58,64.59057330230537,Kosu,70,542.5608157393651
25,65.41767000588646,Bisiklet,70,366.3389520329642
49,94.74387417027356,Yuzme,21,198.9621357575745
59,77.20630146098401,Yuruyus,57,220.03795916380443
42,68.47008324659726,Bisiklet,15,82.1640998959167
34,71.98702114263845,Yuzme,38,273.5506803420261
35,78.21232939572609,Yuruyus,106,414.5253457973483
60,54.835131051282325,Yuzme,113,619.6369808794902
52,70.69933264356312,Yoga,39,82.71821919296885
53,53.04918730288638,Bisiklet,114,483.8085882023238
51,70.93160374672253,Yoga,97,206.41096690296257
48,78.63571453156094,Yuruyus,70,275.2250008604633
37,53.94775248870416,Kosu,74,479.05604209969295
54,95.0227530735796,Yoga,96,273.6655288519092
57,57.37238270054827,Bisiklet,32,146.87329971340358
28,98.60824391688784,Yuruyus,26,128.1907170919542
20,71.16874496577998,Bisiklet,35,199.27248590418395
58,57.393912536691175,Yoga,43,74.0381471723316
38,95.54022428657971,Kosu,21,240.76136520218088
42,77.81821019848995,Yoga,51,119.06186160368962
35,75.98440887710346,Kosu,110,1002.9941971777656
